rp_hMpc, DS_hMsunpc2 , DS_upper_hMsunpc2, DS_lower_hMsunpc2      
0.1536368,   45.5337410        ,  55.1653867     ,   35.4813389  
0.2257864,   36.5174127        ,  42.9866235     ,   28.7298483  
0.3367683,   32.2354200        ,  37.5837404     ,   27.6481875  
0.5097949,   19.9526231        ,  22.6030303     ,   16.7880402  
0.7492005,   16.6277441        ,  18.8364909     ,   14.3990332  
1.1174588,   10.1937349       ,  11.4375586      ,   8.6596432   
1.6667288,   5.2581544        , 6.1896582        ,   4.3819424   
2.4859844,   2.9568775        , 3.4807006        ,   2.4173155   
3.7632468,   1.4537844        , 1.8478498        ,   0.9716280   
5.6130142,   0.7792318        , 1.0592537        ,   0.4964018   
8.3720070,   1.1328350        , 1.3856919        ,   0.8998428   
12.3035986,   0.9531619        ,   1.1220185     ,    0.7498942  
18.6250078,   0.9350468        ,   1.0592537     ,    0.8175230  
