R_hMpc,ds_Msun_h_pc2,ds_err_Msun_h_pc2
2.781329,1.944818,0.135171
3.442524,1.352864,0.218419
4.260902,1.093023,0.088234
5.273830,0.883090,0.071287
6.527558,0.731199,0.066456
8.079331,0.590760,0.053692
10.000000,0.546702,0.052055
12.377263,0.441698,0.042057
15.319664,0.515434,0.113265
18.961550,0.416436,0.032029
23.469209,0.336452,0.025877
29.048457,0.253911,0.029867
35.954039,0.205143,0.024131
