R_hMpc,ds_Msun_h_pc2,ds_err_Msun_h_pc2
2.781329,1.671681,0.197341
3.442524,1.350606,0.159438
4.260902,1.091200,0.075774
5.273830,0.893860,0.128562
6.527558,0.830995,0.054408
8.079331,0.671389,0.063939
10.000000,0.503693,0.038744
12.377263,0.464338,0.125210
15.319664,0.526896,0.101161
18.961550,0.425696,0.032352
23.469209,0.343934,0.048149
29.048457,0.313443,0.030010
35.954039,0.253241,0.055676
