rp_hMpc,wp_hMpc,wp_err_hMpc
0.501187,194.152061,94.721397
0.794328,118.686851,4.450596
1.258925,81.304940,2.406974
1.995262,57.374732,1.771814
3.162278,42.908632,0.958233
5.011872,29.088869,0.705372
7.943282,20.897032,0.635799
12.589254,13.666530,0.521511
19.952623,8.420505,0.430298
31.622777,4.418628,0.383293
50.118723,1.840752,0.352686
