rp_hMpc, DS_hMsunpc2 , DS_upper_hMsunpc2, DS_lower_hMsunpc2      
0.1014918, 45.8307564 ,   53.3669923    ,  36.4740065
0.1513785, 27.9435122 ,   32.5384375    ,  22.6658443
0.2257864, 27.9435122 ,   31.3233187    ,  24.6923249
0.3392709, 21.2053908 ,   23.3221506    ,  18.5607295
0.5023017, 13.5591169 ,   14.7713942    ,  11.8680718
0.7492005, 10.3879279 ,   11.6443621    ,  9.0062802
1.1257629, 6.9658675  ,   7.6612127     ,  6.1553988
1.6791148, 4.1671076  ,   4.6268909     ,  3.7174739
2.5044584, 2.0608652  ,   2.3322151     ,  1.7867596
3.7354873, 0.9905303  ,   1.2211721     ,  0.7661213
5.6130142, 1.1868072  ,   1.3303531     ,  1.0192118
8.3102511, 0.7661213  ,   0.8752835     ,  0.6214246
12.3035986, 0.5650230 ,    0.6333633    ,   0.4760866
18.6250078, 0.5758781 ,    0.6517028    ,   0.5137405
