R_hMpc,ds_Msun_h_pc2,ds_err_Msun_h_pc2
2.781329,1.694898,0.150908
3.442524,1.425636,0.121923
4.260902,1.182128,0.068196
5.273830,0.955081,0.116318
6.527558,0.870565,0.049462
8.079331,0.703358,0.131874
10.000000,0.716784,0.106545
12.377263,0.579114,0.041737
15.319664,0.451025,0.046365
18.961550,0.415480,0.025541
23.469209,0.335680,0.031641
29.048457,0.273430,0.025564
35.954039,0.220913,0.061064
