rp_hMpc, DS_hMsunpc2 , DS_upper_hMsunpc2, DS_lower_hMsunpc2      
0.1513785,  41.5769339 ,    47.8991569    ,   31.9226077 
0.2257864,  34.4258955 ,    39.6607256    ,   29.3233183 
0.3417921,  25.6942571 ,    28.7750703    ,   22.7277988 
0.5097949,  19.9150008 ,    22.0933868    ,   17.2864143 
0.7492005,  14.1787957 ,    15.7297316    ,   12.6607378 
1.1341288,  9.1857528 ,   10.5825460      ,   8.2022769  
1.6915928,  5.4151010 ,   6.1218861       ,   4.7899157  
2.5230698,  2.4279845 ,   2.8775070       ,   1.9542657  
3.7632468,  1.1963792 ,   1.5147043       ,   0.8437805  
5.5305112,  1.2191737 ,   1.4585940       ,   0.9720865  
8.3720070,  0.9720865 ,   1.1412402       ,   0.7824248  
12.3035986,  0.7324097 ,     0.8762398    ,    0.5951003 
18.6250078,  0.7677961 ,     0.8762398    ,    0.6478514 